text,label
Congratulations you won free prize,spam
Claim reward now,spam
Get free recharge today,spam
Win iphone now,spam
Urgent click here reward,spam
Free lottery selected winner,spam
You have been selected for cash prize,spam
Click to claim your reward now,spam
Earn money fast from home,spam
Limited time offer free gift,spam
Congratulations you won free prize,spam
Claim reward now,spam
Get free recharge today,spam
Win iphone now,spam
Urgent click here reward,spam
Free lottery selected winner,spam
You have been selected for cash prize,spam
Click to claim your reward now,spam
Earn money fast from home,spam
Limited time offer free gift,spam
Congratulations you won free prize,spam
Claim reward now,spam
Get free recharge today,spam
Win iphone now,spam
Urgent click here reward,spam
Free lottery selected winner,spam
You have been selected for cash prize,spam
Click to claim your reward now,spam
Earn money fast from home,spam
Limited time offer free gift,spam
Congratulations you won free prize,spam
Claim reward now,spam
Get free recharge today,spam
Win iphone now,spam
Urgent click here reward,spam
Free lottery selected winner,spam
You have been selected for cash prize,spam
Click to claim your reward now,spam
Earn money fast from home,spam
Limited time offer free gift,spam
Congratulations you won free prize,spam
Claim reward now,spam
Get free recharge today,spam
Win iphone now,spam
Urgent click here reward,spam
Free lottery selected winner,spam
You have been selected for cash prize,spam
Click to claim your reward now,spam
Earn money fast from home,spam
Limited time offer free gift,spam
Congratulations you won free prize,spam
Claim reward now,spam
Get free recharge today,spam
Win iphone now,spam
Urgent click here reward,spam
Free lottery selected winner,spam
You have been selected for cash prize,spam
Click to claim your reward now,spam
Earn money fast from home,spam
Limited time offer free gift,spam
Congratulations you won free prize,spam
Claim reward now,spam
Get free recharge today,spam
Win iphone now,spam
Urgent click here reward,spam
Free lottery selected winner,spam
You have been selected for cash prize,spam
Click to claim your reward now,spam
Earn money fast from home,spam
Limited time offer free gift,spam
Congratulations you won free prize,spam
Claim reward now,spam
Get free recharge today,spam
Win iphone now,spam
Urgent click here reward,spam
Free lottery selected winner,spam
You have been selected for cash prize,spam
Click to claim your reward now,spam
Earn money fast from home,spam
Limited time offer free gift,spam
Congratulations you won free prize,spam
Claim reward now,spam
Get free recharge today,spam
Win iphone now,spam
Urgent click here reward,spam
Free lottery selected winner,spam
You have been selected for cash prize,spam
Click to claim your reward now,spam
Earn money fast from home,spam
Limited time offer free gift,spam
Congratulations you won free prize,spam
Claim reward now,spam
Get free recharge today,spam
Win iphone now,spam
Urgent click here reward,spam
Free lottery selected winner,spam
You have been selected for cash prize,spam
Click to claim your reward now,spam
Earn money fast from home,spam
Limited time offer free gift,spam
Hello how are you,ham
Meet me tomorrow,ham
Please send assignment file,ham
Dinner is ready come home,ham
Thanks for helping me,ham
I will call you later,ham
Are you coming to class,ham
Let's go for lunch,ham
Please reply to my message,ham
What are you doing today,ham
Hello how are you,ham
Meet me tomorrow,ham
Please send assignment file,ham
Dinner is ready come home,ham
Thanks for helping me,ham
I will call you later,ham
Are you coming to class,ham
Let's go for lunch,ham
Please reply to my message,ham
What are you doing today,ham
Hello how are you,ham
Meet me tomorrow,ham
Please send assignment file,ham
Dinner is ready come home,ham
Thanks for helping me,ham
I will call you later,ham
Are you coming to class,ham
Let's go for lunch,ham
Please reply to my message,ham
What are you doing today,ham
Hello how are you,ham
Meet me tomorrow,ham
Please send assignment file,ham
Dinner is ready come home,ham
Thanks for helping me,ham
I will call you later,ham
Are you coming to class,ham
Let's go for lunch,ham
Please reply to my message,ham
What are you doing today,ham
Hello how are you,ham
Meet me tomorrow,ham
Please send assignment file,ham
Dinner is ready come home,ham
Thanks for helping me,ham
I will call you later,ham
Are you coming to class,ham
Let's go for lunch,ham
Please reply to my message,ham
What are you doing today,ham
Hello how are you,ham
Meet me tomorrow,ham
Please send assignment file,ham
Dinner is ready come home,ham
Thanks for helping me,ham
I will call you later,ham
Are you coming to class,ham
Let's go for lunch,ham
Please reply to my message,ham
What are you doing today,ham
Hello how are you,ham
Meet me tomorrow,ham
Please send assignment file,ham
Dinner is ready come home,ham
Thanks for helping me,ham
I will call you later,ham
Are you coming to class,ham
Let's go for lunch,ham
Please reply to my message,ham
What are you doing today,ham
Hello how are you,ham
Meet me tomorrow,ham
Please send assignment file,ham
Dinner is ready come home,ham
Thanks for helping me,ham
I will call you later,ham
Are you coming to class,ham
Let's go for lunch,ham
Please reply to my message,ham
What are you doing today,ham
Hello how are you,ham
Meet me tomorrow,ham
Please send assignment file,ham
Dinner is ready come home,ham
Thanks for helping me,ham
I will call you later,ham
Are you coming to class,ham
Let's go for lunch,ham
Please reply to my message,ham
What are you doing today,ham
Hello how are you,ham
Meet me tomorrow,ham
Please send assignment file,ham
Dinner is ready come home,ham
Thanks for helping me,ham
I will call you later,ham
Are you coming to class,ham
Let's go for lunch,ham
Please reply to my message,ham
What are you doing today,ham
